addr,n,hold_med,train_pnl,hold_pnl,sharpe,t_stat,top_coin
0x25608292189bb759333d62bb2e776d32e997659d,2150,1196.7143,227766.40649987,33496.112784,33.39081053694403,10.652715419523206,@107
0x0e3f5bb797e3953fed2a319544d0e821b4a11e1c,10000,31.825516666666665,45943.67534265,23575.93661281,25.75969017983034,13.98285551193251,ETH
0x1005996ecc8896d01f4259d004a1c3bcc7e474ed,8771,19.008133333333333,48125.338911,19221.262542,24.87608507986013,13.84629842543286,HYPE
0x02159593e155250288a7a1dd5257fc217601ceee,9878,19.272475,85713.852379,35335.176778,24.43512973201626,13.80828583374874,HYPE
0xa8123bfb8301ebcd78c41d90e1ce9d3107ff1823,9173,18.905333333333335,62808.297607,25356.361687,24.381857831789514,13.976933271642762,HYPE
0x4221ae35dd1c468fea6fa034ffcd6360100f0eaa,3239,539.9849083333334,40996.837724,6279.964966,23.889619621821186,10.00699521281506,BTC
0xc16b8ddcef47a74c9b76cd28e6834270090d72dd,4024,1921.9747833333333,243117.196932,18878.3039,19.88646103051665,14.8714667859769,ZEC
0x1aa5b4b70b215371899a7ffa4f16053d5e5f4207,3497,6.313383333333333,11085.073513,957.20099519,18.375143951957607,8.42956751152059,xyz:SILVER
0xfed459402e31f2e16260f2d89cd8e654498d35f1,3953,141.010075,15228.182552,5234.746512,16.82492355256119,8.59715953879526,HYPE
0x3bbe8e02f72b10c9698a6e4375b5a19e53fc5b40,10308,150.11959166666668,100978.84253913,46886.880279,16.245507912291096,6.203550677897084,HYPE
0x9bd64263248752d128cbdfd3f64f69f135dd4ec2,10000,260.78638333333333,51403.260514300004,65917.2473222,15.921957428781717,12.107355441407401,hyna:HYPE
0x9db82c502472d76742fdd69609dfcc6e01327401,8000,282.1895333333333,41489.43961646,9748.7012924,15.320790226873076,3.9514840317678543,xyz:CL
0x5e77acddecd858d296ea1fbc7c6c169559f072b7,717,30.3751,20279.88042251,14090.63128619,14.290385465092895,11.350861812161408,@107
0xb65dd7c56afbf3b272ab5fc49be44b47dca18003,2640,85.06578333333333,1373.893929,1352.749949,14.144685011947926,8.630717926959516,SOL
0xfb51e66f1923b3a316bc81f2a435824c254d0fc6,4252,322.30375833333335,28999.966801,15304.987939,13.402014882824336,8.313101562530766,BTC
0x6b7031ef5b01446a4cd859d51cbf359debde2633,4129,418.8804666666667,110660.7526429,3677.31347794,13.120049242638954,1.558620109909503,xyz:TSLA
0x8e9c5b74a5c0eda6942a632cc7ba93fcaa66a0c0,2560,75.693725,8197.33544401,39392.824045,13.087242732938732,11.268164506504274,XRP
0xd9ffc44a03241faafd27a702e0deb00d7b2cfdcf,2987,36.683233333333334,30639.85807765,8216.656866,13.071497434437841,6.1901120312186535,ETH
0x04a97ae7f350a22cd0cdb6b1875e8905b76495aa,4048,107.38676666666666,256201.152247,40470.1,12.658237701144106,4.623459024265047,BTC
0x129f8031ada05d2ae924ee813bde2f71cf198c75,963,35.79865,1205.247037,969.780768,12.430263884840278,8.252754023458367,HYPE
0x11eee2e0a613af4f636e23ff295e2dac6a191d1d,8288,68.75185833333333,170495.70208223,57102.60195604,11.851913849979441,6.435075013143592,HYPE
0x9417f0013ad79427249dc7be79eb31acad7fa3df,2719,88.04930833333333,11189.77734202,6408.44953663,11.695436711024701,5.402707397071002,ETH
0x5d9d19a3e5005225f13780fa10c198f87816670d,5453,1052.161575,67760.31561043,72017.30228769,11.37112032922204,7.8678175231794425,HYPE
0xb3b60a1fd4d8241bfd7b285c3560d75135350582,3444,870.9607166666667,136873.78793754,92126.95714303,11.312282978346824,7.226944192456193,ETH
0xb2ff174a5eae8260943ed4499ff95282884369a6,6541,99.17236666666668,33420.199446059996,4448.36748363,11.295888377837546,3.6524286986645973,BTC
0xc1c8354ff68e3cba7675bb683062411c5a5cfb70,3060,50.61986666666667,16553.23557593,5820.55054202,11.290715960437755,4.30637854281894,ETH
0x81f6b887657b679d9e23153ffcd703e111010240,8625,14.969266666666666,17332.24245379,4654.037675,11.284710656596348,8.263907729448258,BNB
0xf97ad6704baec104d00b88e0c157e2b7b3a1ddd1,7776,139.8177,106434.57690017,56584.69763708,11.271682819695137,5.20940059305409,HYPE
0x30031f21e4927c7b7c8d9bdb803bc14e57388028,6220,512.4007,43094.76651007,1405.858583,11.055448349188616,2.1427637401854898,PURR
0xfaf665c655613e5713a2bdc3b4cd109e25b4b5f6,9450,70.4222,122957.874383,47044.40804,10.974034342469677,7.652440773030129,xyz:CL
0xc0cecc9cc4ab23536045a65c91dc962a04234ee8,1167,149.98453333333333,1345.771563,3019.915324,10.681285070021184,8.229524193300948,HYPE
0xacf09af6853ba4cbbb838e6032953bd7037b4539,4233,45.590741666666666,9117.91030214,3955.32041294,10.572921419702178,7.219629376317313,ETH
0x64174450c49242535b4184e3988cc4145b80526c,10000,1092.46185,25706.00048294,17766.638847,10.547049035106308,6.6485301363236555,TAO
0x47add9a56df66b524d5e2c1993a43cde53b6ed85,603,1318.8684250000001,4192.97424959,2858.31408184,10.50943843072371,7.087193498420598,@142
0xb67d94df0ceedb2b44587220470986658d191d38,7582,2457.2790416666667,18251.06602892,77.58614500999998,10.493945089757068,0.09777455261975257,xyz:XYZ100
0x99223bf50978618ce3dedc9d05a29717a23a9882,6710,1107.5388166666667,182336.084794,48346.800536,10.363934518264957,3.5335318996249745,SPX
0xb1231a4a2dd02f2276fa3c5e2a2f3436e6bfed23,502,441.3642,101613.23838347,7957.561929,10.361735057460518,2.9512602793320575,xyz:CL
0xccf595171e2e56655fb4d386b7424da16be69d42,5447,35.28075833333333,17012.22065773,4470.20907165,10.3431271133326,2.3311339388010337,BABY
0x6745b422c01acdfe3bec078022c0c73ffdbf3931,1852,1037.38435,29202.200788000002,95582.901704,10.088462386378453,8.52329128782779,xyz:SILVER
0xac5c66fbad98b49979cd1cbaa800ace76e947866,2904,15.816016666666666,12199.498617,11541.167784,10.017513053413913,6.320667391838794,PUMP
0xe5e6ee25986549a41a61ae31080719d6db316580,7876,24.395433333333333,31253.25845661,881.5913018399999,9.80824350064801,0.5087195822583523,SOL
0x0296c6761c55a3a54815490428e12188f44e8f48,1976,1078.7398833333334,23275.991543,86056.40808743,9.707014297156668,8.033500307614938,HYPE
0x13a4d58ccb2c55060a5f3812676558f20955e22b,2000,441.11451666666665,68319.89683569,4372.36549447,9.6597305239793,2.7457599691156966,TAO
0xb4a9964201c213af0c9c7f62af561813c9a2f1f7,6761,2124.8037583333335,211482.554109,136249.64395385,9.434808343923953,5.224689913626123,HYPE
0xa5fd942d4badbab4fe84a9e10f565dd40d5f15ff,12405,1560.58075,319469.761644,199910.781713,9.316591585779925,6.012635164355328,BTC
0x255e7abaca5ac048f3cd95afead4fd764dc5cad8,3053,523.2815583333334,8504.11757029,10179.47079057,9.297686283940637,5.776310503960491,HYPE
0x68907104c3a36283b195745e15ce1a74313496b0,10000,49.84583333333333,110838.206219,72734.774841,9.24565479620425,6.809775229836732,xyz:MSTR
0x18cfbf7cbbc6c9c6f911b0df9dc1b6a2a6258f43,1308,604.6288333333333,7071.8234766,3932.46598233,9.19583362197673,6.267777540311973,xyz:MSTR
0xec050ec4c8d177ac617ca85c7ad145b05b825649,1692,1695.87675,91744.591248,21447.37186,9.008218509206179,3.526541786766577,xyz:MSTR
0x31739a0f7a70bf18076c0dc25753c5efbbec505b,5323,1280.8289916666668,10977.288254000001,29586.166928,8.866252726511853,7.214028291515176,BTC
0x568d9f311aa888834d13e09e70273be7a89f853d,1205,83.09943333333334,12361.18835,35497.152379,8.833719772300734,7.769137581571299,HYPE
0x241066637dea18ef8fdcb1af0a920daa93c3bec0,4645,125.76890833333334,16909.88489797,13401.707269,8.81930030911965,7.271260031272038,xyz:CRCL
0x618d69438f6c5785a72d0024a8cb73b81c356e34,8524,18.539058333333333,19608.17838832,17635.11286752,8.694660248785475,8.794777788319658,cash:CAR
0xa31a661fa0247e04499291c98c57ca23dc2d26db,1428,1173.574075,11660.672741,17710.56411067,8.647705633316779,6.243392643104512,HYPE
0x93f2a4be47cc6c306ed6cd552bc1793c837f8571,724,1378.2255,18029.973710449998,8148.22560327,8.59842794237058,5.399144989380154,@107
0x925f1b66ffa6246ad02ecaa8fcdea175b37093ba,2841,402.7697,16568.583681,8696.892489,8.546332827906785,9.56478556261881,AAVE
0x8619c8a6d9c3ff25137e4d774cc94457a7b88b03,2350,352.8238666666667,20571.02913748,11410.72526751,8.528959840237352,6.295135216081199,xyz:CL
0xd10e2b1b66001bd4086d61e43e836ab9c168fd9a,9014,370.1490416666667,211887.0880011801,130987.92871462,8.507745139929032,4.236152280319391,@107
0x7ec49c3eb939964b3b0e19eda175102670624ad9,1259,209.05873333333332,9453.79390012,9396.35301055,8.463831891929567,6.725134348835211,BTC
0xbbf7d7a9d0eaeab4115f022a6863450296112422,6530,313.8644,22899.13287,8463.090736,8.402507162803735,10.009414060260395,BNB
0x4101ce19ee81f24da894976e585f1e79119dbd93,1026,1577.4581833333334,44474.54907,29728.091115,8.395946017372427,4.6620020270380556,HYPE
0xd2147a366e335b89b68ace628923962393b56813,1334,49.4145,241656.74438062,81295.94812073,8.369106861420603,5.820619776301042,xyz:CL
0xb27bbaadcdfeab937069b4d966ee6bf5a32c999b,3863,2123.6659416666666,27569.729717000002,98460.087876,8.292283441796934,6.683222531790855,CC
0xf0ae4d359f07fb630a5bcb197ac3beaba4cc2f74,3338,2186.84795,76740.14945068999,129569.06623899999,8.273870312348981,5.674461254013694,xyz:CL
0x649156ebf0a350deb18a1e4835873defd4dc5349,3756,588.3098666666667,514484.79539498,16299.492453,8.250040250560334,2.222848812482182,HYPE
0x5c7e7b3a5fcf12fa561374be3bba6cb3997dc5ee,6060,154.59806666666668,139470.596679,11950.643924,8.171470593377459,2.5112975890960496,SOL
0xf85a42a3f447f20ce982c63ade745b71b2d3a668,5789,118.20395,52462.75042794,120324.72600798,8.04212504889989,6.877774999595011,xyz:BRENTOIL
0x64bddab5f13a99576fca6747f0aa205422c5f708,10000,964.6057166666667,244326.42721352,29697.06962983,8.028362094278592,2.6343004198967463,HYPE
0x357964620189ed90974a4048bb050e7398721e2f,10000,31.163483333333332,89839.040819,45108.668732,7.976502799519994,6.08857317807141,FARTCOIN
0x456f1049c0f2ec990091bbd3f30af62aca3fcdf1,1259,552.8020166666666,26993.969868,96274.485711,7.953315553681522,6.58866230221204,ZEC
0x80d2f7ed506098c5e151bff10a93d3e9880f3215,10000,7.716933333333333,11246.109116,425.307538,7.8975956709416,0.43733760116615705,ETH
0xe95fdc2643a2e79dbf4f156187ccfacfaf96fd63,611,125.67940833333333,4189.45623,1063.63414,7.894390683829745,3.63688804461999,ETH
0x0c44471cc8516125ead11e09446302ae20540ed4,1953,1281.8830083333332,97237.84155,198764.65750097,7.8413378096965705,5.693171884590402,HYPE
0x72678034ceb50c11fb599f850ed3dfa55edc78bb,6000,262.99738333333335,37911.3115351,1038.62825557,7.799255943632355,4.187829280373794,HYPE
0xd70c9e61ba506a8cf1c25b54d14b25abdc048fd4,763,2214.39285,47430.54733811,13145.714889,7.782022669976995,3.843838196096063,HYPE
0x711d0883044c616763e61082b932e270d268e560,1234,613.3217916666667,12358.26425746,10400.06091948,7.778023655718934,4.583978674948935,UNI
0x1003d8c532e5178673668e5f3aa48dc399ee940c,671,404.95553333333334,17115.060067,1337.594216,7.6898940815297445,3.1528024363847944,SOL
0x4ba1d152409f43ad92ba358886fe94bae4f5f656,1076,2712.37625,14896.882563,3583.6424190000002,7.6736157620628695,4.023404203003044,ETH
0x2e8d3856e5a4627e22d2cdaf6c8085ede9037241,682,1470.4872,7416.3843474,3757.94840884,7.602339038312157,7.105754928529388,xyz:GOLD
0x949b82dfc04558bc4d3ca033a1b194915a3a3bee,857,2764.1361833333335,13647.90695585,31257.18021467,7.591820531729895,5.8606210780652805,xyz:SKHX
0xdd59e8447b243696561f01f841d26a19b224aede,814,19.68355,17415.416226,2356.003138,7.561715913798417,1.7578539544412521,BTC
0xa04cc046c32dc706c65324ae6352d3d78e0c2013,1739,567.68175,4115.39009,51451.152002,7.513874942498113,7.006367195635004,HYPE
0xc4dad120712a92117cc65d46514be8b49ed846a1,3019,127.69676666666666,12400.235451,18564.56637704,7.4706551797861565,5.18808774343307,xyz:BRENTOIL
0x7c7b412019186684b51bdd98d4cbc33ccf1eee7d,6083,100.56900833333333,16823.28246304,21174.31039359,7.465546437263028,4.538047184645413,HYPE
0x5461e3a694004602961722522e70f62beb05ae65,4000,518.3537583333333,30770.53052637,1401.6607963200001,7.409337200881648,0.396965137777872,HYPE
0x612ca98c658c7a2de1f239a1d2a9e18c356e724a,19315,50.57539166666667,86352.450359,2469.2799539999996,7.363639318688323,0.5411474683861965,BTC
0xc0f06a313e20b7ad93a65dcdf0f208998d1a4596,3114,10.643358333333333,231689.004591,24685.78317662,7.314265030300731,3.5158412796708833,xyz:CBRS
0xf95c27a51f2e340d52e8a3c428cd6e290f51ca00,582,2862.2397166666665,4614.7981445,445.6860772,7.289347030433919,2.0329697990886486,@142
0x424d756e19469ddb13c753b280cc0e9d8c95420e,2549,152.11767500000002,4464.99746643,4351.67268188,7.217754926847564,7.111140952143927,HYPE
0x1188e4d6c751d79e27cbf38309803b998318a7e6,4973,188.34121666666667,54116.57076475,143563.73443629,7.110950901026203,6.000173033967333,HYPE
0xea1541b67de0364de56820085b7a3cc78952a7ef,667,1265.9085333333333,13624.07015982,14028.02208197,7.07064024680635,4.043088245050798,HYPE
0x1ea5e2527bdb39068c03cace032c953fd854addc,2976,202.419475,30535.21628,8005.032135,7.069270873132018,4.516219463141914,BTC
0xbbe9e1588a359337c3235de3b808da991cfc2efe,2539,1816.4250749999999,186093.56237177,82931.517417,7.062592921904185,3.8642661979143367,ZEC
0xe006b02ec9f5caa7c5cbcb3804e10bf4f45036c8,2303,33.677033333333334,4898.337858,253.56666554999998,6.888795261915101,0.9357774305548089,BTC
0x0b68ffcf5f719bf788439dd4595c3c3919f0bbfd,848,389.9909,33418.509214,6699.098333,6.78282635789822,2.5061726028474633,BTC
0xda830d2d83a57cea255bcfd0cf89c3e94abde0fd,1307,343.8277166666667,25116.78966,7441.227314260001,6.780325686536779,2.307403349023352,HYPE
0x9b3cafa1209ac61f02d7bc3b219697fb171c9c91,629,2310.4602333333332,21224.83753664,15849.7360995,6.738916471548202,4.076161410939908,@107
0xd79656d9e6ec643c6df635b21fe78ba7c02cbdc5,1127,961.47195,8812.47579484,3891.467746,6.715581727017495,4.00327050984481,TAO
0xdd5296899e9667839e4756ced0c6ea6ae21dcdec,894,228.9446,4035.589903,4869.544312,6.630260031636462,4.759597246595642,SOL
0xc0c212f6463c6cf9d1f3cc0fb75e940c34b96fa9,2264,288.87413333333336,42524.26016427,8259.79920492,6.615268899267067,4.767264264801537,TAO
0x1165647bdea6b9cb851f4ce99a2a0a66ea7d1356,1291,1171.1993833333333,1862.333333,328.156059,6.613972121515854,2.3186118261682345,ETH
0x081c9b59cf0cd905ba3d314196b4eb261f363adf,91,48.836325,360.95133764,1590.6136349600001,6.609838798033748,5.945328538696502,@107
0x29a83bcab75e9ab2c0af4fef8f8f5c570c40a066,8638,1174.534,36310.489236479996,1083.26367323,6.546150308228522,0.3276815096405827,HYPE
0x005c93d07f898ad7ed74ca753eb0b295f7a5ef1c,3482,572.8354833333333,16043.153038729999,7375.73093968,6.533147915265823,3.6316294021868423,AR
0x1289a97478366c592bcaa5eddcabb985cd76eb80,3690,40.75106666666667,13157.06481758,316.38222983,6.525942949826185,0.32662018229308054,HYPE
0xe73e031273aefa4529f9f4b46c111b7aaceba4d0,2221,975.3929166666667,28820.55767937,21416.63569984,6.522550165747987,3.680747591019228,HYPE
0xe61121dd5692c97f02504d2c01be88339a7a73c9,3595,853.1528666666667,6681.636659,9716.828895,6.406414316896882,6.677973947029832,BTC
0x981c9b73cc8e9817e4768c3a5beb5173991d4477,661,1510.350025,9326.536827,8878.954442,6.36942097907221,4.651685779604596,ETH
0x0c67ff84dddc2f62c9feac062ed8d11d1ca7298d,8762,75.49460833333333,25792.9366814,19169.80874688,6.35954577328978,4.987414892351227,BTC
0x0e9295ed032c59ff7ee2d575172c1f46932a5c90,735,5.976291666666667,2578.25024403,330.52427021,6.253263430917701,5.296430872220566,xyz:SP500
0x7b3f7b9696bd3d2b2c93416589495999c3b53dfd,384,1540.8981083333333,3982.90652339,633.10078303,6.24320287214734,2.0611451641844236,LIT
0x6f83ab8890ed38bf38a31010aa9a5e9ca743bfad,1176,1409.66925,52938.312326,9653.05548503,6.222403061115413,2.4543596260896674,ETH
0xe5e096ff9413971c6b2377e7811af53e82ca4d70,2000,63.3943,12420.92327564,1194.572238,6.195924073921116,3.100145548831854,HYPE
0x0c63fa8a570819c318065eebef9e07a80c534c39,4663,251.47975,14648.02966648,53129.776357,6.17811578019354,5.82504138883127,xyz:CL
0x0f7707db61e6add7c377757c0aa8068a58e389cc,2590,347.65521666666666,188004.516493,29513.06452,6.155305629500461,1.1927343000735815,ZEC
0xbaa91d6651782949d024d3783172fd5c094cd8b6,2000,484.64868333333334,53142.40691239,4533.352076,6.14437063307812,3.7898830112335236,BTC
0x6505d0cf1aa0fac6c631c52035e1357b03902723,4751,93.06765,81997.70080271,12375.619642000001,6.132369971463689,1.1372076455391456,xyz:CL
0x9aca58e24ff5845f245e7c2c897fef1bc59b3555,4000,1331.6662666666666,146125.382214,2153.8128130000014,6.130594003446388,0.12468570043690504,ONDO
0x9fde8e59c61c290c435c2d953e70a3873e06a572,3884,734.0639416666667,67361.0041109999,42168.649093,6.116684959878805,8.218815609325,BTC
0x4711c19b72bd856ca7d2bcc713595e5e5214f8c3,8315,46.076633333333334,188.86764735,503.270817,6.095411799188553,9.614683862181074,HYPE
0xc3d101ae37bba62baf199c6d5e5d8f0eecfd200e,10000,23.5677,42093.98703711,11566.11777517,6.090725279554006,1.7094708234817806,HYPE
0x2ae274a44894ec1e048515b1cea8e72bb77c52ba,571,99.03608333333334,7822.67329155,62.481751,6.088730865395908,8.110400796304795,xyz:CL
0xd6098d5b1381ea2bdff4466a346e73c41046c9f7,1074,1354.5621666666666,14043.8294427,17629.97888,6.086167214684425,5.964574402409555,HYPE
0x62417100389090a2141f980c6646463e55c08988,783,60.108216666666664,8244.67787153,4010.97291759,6.032125588287144,3.506120137458582,@107
0xc977566f8ef21a8fc2438e458d51626067b6515c,5034,47.91061666666667,33324.24463,4980.95437305,5.98129232643068,1.6721895848456814,BTC
0x47930c76790c865217472f2ddb4d14c640ee450a,9588,108.70735833333333,5644.67647519,2549.20119467,5.918804016891305,5.719711512379417,xyz:XYZ100
0x91ff1b877f2fc9c0b1ba1c8aa30f08db49794657,3892,493.8449416666666,16226.10087437,5601.47400948,5.892914565784798,2.434673475268567,BTC
0x1847dc422b9dea349e8af7d02cb3a136cd81f441,6688,77.58690833333333,42274.29723144,78943.33011837999,5.8183165213388355,4.685555514479216,TON
0x1c99bd7bf98a2d114631dfdd18c7b10afbb4475f,338,1848.863325,18882.80361729,3243.3699500000002,5.7894055433708305,3.049347667227529,SOL
0x1671ae55c676cc50f3f7ae87fc3d037eac59c670,1199,1339.2823083333333,7203.40903989,9146.729409489999,5.761814099548268,4.306463381450353,@210
0x4a0b172b1f5bb70746c01583abcf2cb915e6e13a,360,1424.16925,8394.439674,2454.18799601,5.7537528823693815,3.730797451693656,ETH
0x1308c4351f76cc1c7abe61a9262708d9e36e4920,873,387.3689,8693.1604146,8204.62108,5.7495809206827335,4.286181967880104,JUP
0x972d521729c0d07b360ae470f03878fe405f0650,1905,1092.3925333333334,40964.75695109,46509.52008209,5.74188555816561,4.691175032596682,TAO
0x467c1605f97c84203c60c719edcd005d3cb90f14,294,1136.7862333333333,14132.974965,10984.999330999999,5.706443186817704,3.01385193922934,SOL
0x4369cbf57ef3bfd3cd7092c461a57290617bc54b,3640,1289.1265833333334,50560.12267,16593.103263,5.655843869905063,2.4177065622482603,xyz:NVDA
0x539c44a05820f6b9e131f2e4078e22f6e90bf7fc,2229,2356.647841666667,68842.30252068,1109.58741011,5.59962116144437,6.135457560615726,PUMP
0xf2704e08a4d989f76171c9389665e77c870345a7,6683,575.8423,38055.56039614,28507.995354,5.568103110718019,2.7806969411613074,BTC
0xdd6e2b9d2d1b872286352ef30ace6efd40e1ea86,558,2529.679,977.01117474,5485.77019547,5.552981782853803,5.013964887990398,HYPE
0x6cc021e2f5e8f12d65c860df5c63f152c4e763e1,5016,231.87155,66047.43138231,145427.21258008,5.507489504236801,4.032140805845387,xyz:CL
0x997ba795a5d12481eb772297405038535dd98988,262,112.778075,8658.14979233,15847.28814487,5.338471113930798,6.079653111395951,@107
0xed1c710ad28e9aca013178a4e8d43a580b4b0dbf,1177,1443.2637083333334,9752.413161,3162.14914715,5.3218711768707125,2.327484306630594,HYPE
0x26fe122cc2322fbef86a68d19218500fb3e7b7e5,494,741.0505916666666,45267.483668,13292.699286000001,5.287943300683381,2.946676655096176,BTC
0xbb10b9cae272b96483567686f21aa37b67ee5304,1270,1437.7156,10728.34490013,22771.8862955,5.2777867859813234,5.621058325851864,ZEC
0x83207d0fb015358d82c44a19099bb93f514e7d78,126,63.27283333333333,3713.33770499,3239.01286118,5.267405455428615,3.924426759177802,@107
0x5beae772444a36572bc7e26040988edc88e7a02f,2777,223.07380833333332,21878.653132,7310.825057,5.254521870215339,4.001586134321833,ETH
0xf4fa6ea7cb31d95bbe61121ba827602c17e27a7a,595,762.1389416666666,8520.65490578,2336.599751,5.2485119655957515,4.463408808827877,xyz:COPPER
0x23d391b83c595de42aeb6b33d2f2488d56321254,1160,1175.86465,25755.41543944,3220.48787769,5.243093476843418,4.057382011662604,HYPE
0x59ccd188a84302584a0c2346926cb9084ed27413,1520,61.221266666666665,3969.95452317,2158.17977227,5.235569785130874,4.149393847552446,BTC
0x333ce0361916b87dbc714ce673fa830c9fb8dc71,7787,59.08773333333333,12092.976566,14712.52287,5.203711484513306,5.38303069160786,BTC
0x560a2edd994f2ba4883cdf8e0d164558d8c803ac,5018,91.66338333333333,12658.83572874,10473.940861,5.1535560141779335,3.6072635202155845,xyz:PURRDAT
0x03595e94fae0b50e3cf01f3c3b322bcc8ea615ba,3608,82.87746666666666,25253.785484,2119.961976,5.1278051423215505,0.6406060706154987,xyz:SILVER
0x80bcb08c54bbd5abb37528425b1f8ad2507c9b62,3061,608.1188666666667,58921.992276,102836.467363,5.120571593385656,5.871814577462582,xyz:NATGAS
0x65d4a4b4b501478c3719453d28c9986094c5a444,1411,518.9219916666667,5732.2368414699995,5939.9545078,5.048778294714081,5.588076478258827,HYPE
0xb6256976d6898b3fffae5f02259b1c743f39e661,4964,223.5356,6561.62757191,16720.43843362,4.9616069722544855,3.7866016864364793,HYPE
0x65c252c410276e7aeb86154acf218b7ea6ca1ecf,865,100.22280833333333,47952.500888380004,106815.22943873,4.94696953881676,4.14950250426267,HYPE
0x60611fb67c167ee7a223655e355b15aa4951e43f,4084,150.09726666666666,9089.71772725,16246.38361251,4.867502511313396,3.6714005729709718,PUMP
0x0afe2b931a1f8b8772c22d07ad495c83df839465,427,626.5726333333333,35214.77551027,97207.07858732001,4.795951759538189,3.8930267012988677,LIT
0x36e6dab460411e402aed071915a21f5c2ff9f223,1483,1348.1128666666666,75601.760417,12819.852859999999,4.788286346998284,0.7689678909669796,xyz:BRENTOIL
0x40ebad3d5648f1e542376c0e7152bd4018c9ce35,490,2257.3325583333335,67533.476189,2125.634,4.776178504370531,1.2660086798738097,xyz:BRENTOIL
0xb7d0e665a00ebc680caeba73b70fad758045798f,9500,195.88753333333332,15565.815294,11577.67618373,4.749836844687829,4.103410705331724,BTC
0xb1c097f1d3b2ad21c3ebae67ba12d10f115b8598,4925,60.219166666666666,13759.20247327,11184.48757772,4.735500673631734,3.62231580730487,xyz:SPCX
0x57bf3b0f29e37619623994071c9e12091919675c,996,208.22976666666668,10625.18238674,2102.72942307,4.71183094462428,2.5167019561605986,BTC
0x8fd4f297e029ad0ee68a0d286aaf921668f93000,3910,58.49925833333333,20876.57981461,4231.62477468,4.711211345756216,2.4354317499202187,TAO
0x581bf7dcfd416450f3c26c7854253bd972ba0c2f,4057,93.34773333333334,2757.56811367,2491.80996753,4.702449266498212,6.693565764911919,BTC
0x06099985a803013201a28e8e378c5aeb31a47507,1224,427.66077499999994,56014.992137,4198.05336,4.701305838714833,3.189416427448939,xyz:CL
0x920abbd8a5f5d39e87ed802d73e5aa902dc71d89,3681,264.1918166666667,50799.2183991,18213.93393191,4.6953422410262915,1.4711261559251572,LIT
0x2e20df63f5ffb0578cf4ccc223cb3003a50200b1,395,2429.810683333333,19651.25983373,2978.25296466,4.650134734707678,1.774266427307212,HYPE
0x2afb0c3217a43db93eb01ee3362b752579510ff9,759,791.1685833333333,3787.28564101,5016.12788901,4.614003524949713,2.87680049752919,xyz:MSTR
0xdc7bf4d19f98e3082251a75938ce4775224b19bb,4334,262.6854,2301.74160654,1983.05220704,4.582004435439148,4.025464568616987,BTC
0x0a9c52dcce024dd72aafeb43c1c253b93ab6ee2c,4085,50.56218333333333,21881.54552695,8208.01795681,4.581073121309618,3.0773909132758734,xyz:BRENTOIL
0x0aab46857f897f467d0e5122949846d07ac2d06d,6131,401.5967833333333,20252.18636645,12460.6971325,4.488683734531379,3.739966980500136,HYPE
0xa7d1f1dd8ce0d8247c43046350d17357a6db2cee,10000,29.124183333333335,25969.246261,17281.945014,4.461221101611768,5.949254853730223,HYPE
0xc4ea203e2eb096c4d949b9a64a5d49c0a8a1d8b3,712,53.88173333333334,3192.9791905399998,1579.98992401,4.447913798250183,2.862757889518709,BTC
0xd7dc29918d5869a6715e94338316529d5847a6f9,820,783.869775,5567.260841,4210.917571,4.407415594415809,3.847946870078547,xyz:CBRS
0x3f9a0ee7bba80568a211b7b894dfda46e902fca1,1297,1973.4407333333334,2269.2952775100002,2059.86633765,4.4049274857630705,2.561125512024081,INJ
0xbd2d67376d2e9abb125a70e817896425f5f22289,352,919.6476,2592.6587866,528.56742286,4.401784207090801,1.1004182964469496,HYPE
0x89a3eedd7d92dbe48946f0eb6dce759a64840471,2000,223.490075,26981.084092999998,1187.35574654,4.374450211959855,0.5355062967487638,BTC
0xdc9222945f985007bad8b205261e4ba8d491607b,1010,293.62441666666666,4886.12629214,2978.38728817,4.3624954727853895,3.546454661124913,@107
0xba4387ac1a36f648d1044b2f79023d1f42aa8ee3,3741,409.59121666666664,66192.07762368,7662.808906,4.283201390396418,0.6574040123832662,VVV
0xdf06a761d286c0ae835173236e1f12f1379e4977,1042,1414.9764583333333,11984.16931676,3779.944749,4.282859646153411,3.2670296353060793,SUI
0x5e74f9671c990776f54983c9385394e79ad81d53,3386,69.4492,15481.72314186,12734.07767271,4.253350432361277,3.2755077940096924,BTC
0x31384c180b2934a2c4a56f85c7d6053fc4bbbb9d,10000,66.74443333333333,201104.9264610002,28234.557237,4.214954907254417,1.9611588971182674,xyz:XYZ100
0x30b16c4edc7bac1f91216f025b88d3c1c3761293,726,1539.6274250000001,1896.82011792,7881.59846801,4.197810547699084,4.010352400030657,HYPE
0xf1245033de5669c24b7915256afb598ac3245bf1,385,2438.21035,204927.008234,10202.6,4.190060257553134,1.7012119818080618,BTC
0x1169a721e2e2052ac3768ca3a6e120b745247097,691,755.13265,3698.69752868,7199.77967593,4.189949829040021,3.2400067393451404,@107
0x0c76ba888059b8b13787835117f3f55899179ced,642,96.2605,5176.7878562,5266.64559227,4.147029038345351,2.638645114547906,PUMP
0x52516d3ee158365393598028055769354d45a3dd,1479,370.20093333333335,76791.453994,8293.89269,4.13194223513956,5.30087780482285,ZEC
0x5d9082e49deaf33a5ae042ee439cc8d8401a57c9,1416,2875.4187583333332,30389.18948344,8421.33462493,4.126965436025273,1.946588839293174,@107
0x607c7fbcfda3b2ae0b474c1b72d6e03763028472,556,2739.8804666666665,37582.348896,6161.599853,4.099272267209138,2.0136176443849325,xyz:CRCL
0xdc5ad3b588ba2aa050522dd92ad9053ed03f0467,1159,26.546416666666666,2579.76324283,829.82100516,4.093541304439953,1.5844125243603187,HYPE
0xcd4ece3b233c3e4b2d86a3a59508aeb3f1cd793f,1096,310.6472583333333,2057.7621827899998,5793.3208010299995,4.080865557856804,3.674442524165331,BTC
0xcf15a5536dad7a3f73e4a65093057b097d397e1d,361,482.3224666666667,3169.53701918,1069.31421292,4.051500090226625,1.193662308925533,HYPE
0x1a6132837f1857196677f06515041bb817affe9e,5931,1744.0529333333334,19140.435295,26801.317626,4.043344474266821,6.719149093585425,HYPE
0x2a9b6f644b4632f4055129ae062ac6bf4a739795,2834,118.336225,4389.129371,4169.173002,3.9847455051309626,2.9648132734275507,FARTCOIN
0x8f50b637e40e2f80be45fde317c94312f529769f,4734,300.0239833333334,19827.59554387,4852.588962,3.9764674579239174,1.1656081744408628,HYPE
0xa37265a1d6f09e2077bea4e952a598cd6e937ef0,710,347.35583333333335,29778.16952156,15502.30119,3.9488035712484533,4.811984046307032,ETH
0xe682e76e2aebeca312b4d7428beb6c8be1cd1b0c,664,165.37640833333333,16220.58021442,4511.2250750700005,3.930030352775549,2.711153964448788,xyz:SILVER
0xe17062bfb97b44d9357dd4131729bd821d62e636,457,1153.0489666666667,4240.928117,346.287781,3.923722619093135,2.1622604228303755,BTC
0x35a0259779817daf4bedc8a575bce4c29d14dc5a,1346,2061.258158333333,35724.089169,89480.280253,3.921245311160952,2.9870346086743846,HYPE
0x93aa4f45f8e795b81ec48b5d613302f135020d88,765,693.81375,18493.14141748,12145.68569457,3.916539576919454,2.12055092262417,@107
0xa3e23970b685f82164d74f03a6d837f8ffca57b6,2387,80.62495,5164.777187,4673.486842,3.8932746533441014,2.4725670558522523,BTC
0x77998579f578c01030db65e75edc47bfe890c291,380,1492.82985,8933.510361999999,30006.869394999998,3.8893042313195987,3.0379385759009114,BTC
0x4b9c944952c56033ae5c2a57550fe3c8c3287d44,404,757.3822333333334,7410.884398,9019.360005,3.883291743468117,3.001827904291983,BTC
0x8cfe15574d83fae06e6f7a1c30f5c603a5d164be,114,1895.0092416666666,5252.65061159,10337.91349662,3.8628057729264285,2.806599784917955,@107
0x0d450cb737f73f2985e9c39976fd00d6b94bf3d7,4118,761.83965,20629.366656,30412.668443000002,3.8520395990308063,2.460003475369177,HYPE
0xeba4e5e08f48aa9db9b395ab0e40d6ac70f448b1,9222,81.44718333333333,122420.25052897,83065.71371699999,3.846746353696882,1.6961194715005872,BTC
0x27d33e77c8e6335089f56e399bf706ae9ad402b9,2112,1652.5258583333334,82384.942226,40296.584926999996,3.8461373701164567,3.107568919187035,SOL
0x166866a2845506f6b4c817482fe53b4985882ea6,2000,14.040866666666666,29264.69516536,6574.55016,3.844819457038079,1.8956987600690058,xyz:CL
0x8cf7baae1bb4662b82564b1b8d8b2a88f90c2150,10138,2444.9736583333333,14572.4772205,1287.5510495899998,3.805351996008109,1.601985793834161,cash:USA500
0xe4e792538f35285bc8ce0be084f39015ea0dc475,1894,390.5741,7026.384849,8341.222,3.7919191215308747,3.2110238133798563,BTC
0x508e03d472812016f04da0a001d648af76d98c5b,562,771.1489333333334,5894.944551,1712.547466,3.756360990859569,2.165333856705776,xyz:CL
0xc9ccdbab8f977a797d5cb2adb3d52cfb1a15bcaf,1151,160.53972499999998,40046.2532,7232.79182,3.748020992083663,1.1386603605188217,SOL
0x10a7ac85ef2d678a4420c4dc59d8cd7dab8767db,1574,53.41595,22066.59744958,5648.19216131,3.670459335313516,2.804090375951715,BTC
0xec9ea1a348c65acb50af2077afe74d7d561f8e56,2976,17.871825,17514.54957043,5377.121877,3.6255991267011773,3.4769604935750524,xyz:BRENTOIL
0xd70d4d38b4f8ebce6dfab6630680b290e1609feb,2000,9.866808333333335,3418.22174935,2447.149222,3.5921699699249325,2.1975931899145302,LIT
0xc09b7082026491173c90579a3b120a844be471e7,763,5.569816666666667,992.357905,604.235243,3.5654316725435207,1.4302225948953322,PURR
0xc31141b109a162506c06cd1aaf228b5f005ced23,3492,672.9421333333333,11211.76043,25021.785821,3.561015581960047,3.0583397135718697,HYPE
0x761ca4c2245dd32f5e5996631768caded87cb612,856,1392.0866500000002,9117.44382348,12125.160244679999,3.5607328055293954,2.5185838236106113,@107
0x6504160c613592f8ae8b5dd3c36918b6cdd6a254,1077,607.0030333333334,2447.4051323599997,2654.50201163,3.527667189420981,2.4734194642382796,HYPE
0x535191d6d49922d69cc7829dbb73e48694840db7,2296,482.82841666666667,59329.828547000005,17508.00693385,3.5174346302827817,1.7491295124490112,BTC
0xfba4d8b989058c8662e641d6e1eee47a46b2d6d6,2000,21.829766666666664,912.1876177600001,6248.8575624000005,3.5090424181573305,3.1335547296824418,BTC
0xa3841926df41af36b18836839b97a6f13853a374,6646,64.27134166666667,40803.36478412,6967.26437355,3.4961278795743014,1.1876493100206855,HYPE
0x03ce7863a2b62f4e227fd98605b79beb32618c76,7961,388.149,10657.35655106,14142.33875205,3.4527777184203834,2.969598327593781,BTC
0x938fcf34101e3ff5977ced8e50481be6f0bb13b0,1711,1833.7277666666666,7421.9347990100005,36757.15819013,3.4517492021425467,3.0502406031483176,HYPE
0x2f554cc12f7fc113288e3d0153891973651fee59,1742,305.66586666666666,2565.17192954,592.449355,3.414237049500472,0.9359121166474265,HYPE
0x4625020acfb1bad7df0be4c09ecf2968def5df74,5167,694.7895416666667,29190.65532275,14236.69800146,3.406106835054972,2.128636080255552,HYPE
0x45bafad54b4491f0f0041614304376c95bff9082,3042,84.20841666666666,23497.02142118,15388.58396568,3.3949140441921237,2.3971846687806626,ETH
0x05b51f53f09155478af947f0b6bfca30f2fc3aaa,1485,60.575066666666665,21966.32511794,14027.0051328,3.3883692258860636,5.260931253908185,HYPE
0xa71de7e1b7ed086b4ede0be541e7076c51244541,162,853.4658583333332,2181.29454995,216.19357901,3.372759734012853,2.6720719485459057,xyz:CL
0xe9873814c821a97f5bfc7e504a162f51c20e8f56,999,325.6431666666667,16548.863083,958.3673050000001,3.346294511940879,0.4327055035685337,BTC
0x96d51bfb2eb2c52265e9db1811b3ce65e3351127,720,718.7546666666667,7285.030317,24377.44191162,3.337782250469919,2.599179558433941,TON
0x24555b39d91e53c4c7811219ece75b15fd9eabc3,835,2656.377025,3870.864927,2652.71398,3.3180441847693425,1.5389460964327948,xyz:CL
0x6802f330c59cf9cf3a29f16d15bd244dd94fd518,270,1203.817075,2730.00632567,6182.3724988799995,3.303499813214189,2.735924694227261,@107
0xfdb3cdd196df0b2c187d5631b2e1c639a4723dc8,800,1043.0786333333333,9069.218857,2435.7293720000002,3.290822539967122,1.3036233549365637,SOL
0xf32944aa9b778eac9e5b280a0b030421844d5435,583,892.975625,1716.80606753,3105.94315414,3.2900283018318777,3.2013368109689444,@107
0x6d4008d98ab9d1b1598452bac66ce0fff94425b5,3650,186.98619166666668,66015.733125,1566.7282549999998,3.28399844288402,0.29861870523337714,BTC
0x85e410e4c535cb1709dbd36468f132037a5b2087,1685,1151.3853333333334,5327.48583169,12167.34287061,3.257216979205652,2.4386010089639436,@107
0x363246a966b41b2c9fb22fc427d4b12851ec4181,3850,7.009566666666666,4960.210906,15.87207299999999,3.256536154678891,0.0630030878088351,xyz:SKHX
0x9155edc011c8345cb63a1fe2808c3b7177fc458b,1091,609.0386166666667,1922.5278326100001,694.94357576,3.2341779897203633,1.7747558717373544,FARTCOIN
0x02469e7afb9e193f40790c25811c5970050ebffe,321,1857.36655,1813.04531204,4290.82595952,3.214789023155631,2.449643671722761,ETH
0xd205b02969b04af5a87112ca24d27573aea2ae46,1132,276.45138333333335,79149.131846,17087.340423,3.199993161218956,2.1660602180603976,BTC
0x6a7fb420f31483b8a6cc6ce02e26e4787aed2d43,2413,183.97813333333335,7642.89012045,1784.62576108,3.1950524888965433,0.8055683138668822,HYPE
0x6cf0ee6373f13066608857301442c549ef6c59a2,2575,29.393908333333336,11605.886628369999,6479.98485391,3.1775136553714396,1.4819827418491167,@107
0xea1eb2ca1e83e22042d064d875a683c47f2c6bd9,3819,124.38945833333332,35167.286306,16368.11789,3.1765234687285036,1.1700978217762301,BTC
0x0dabdea698098e4f098b87bbee15541d0df9b9e4,1180,44.42098333333333,2899.70660262,276.84921857,3.173822672408629,0.7946539095495082,hyna:HYPE
0xc6bc014ceea7252ca424f0a3383d897d3705f581,1248,444.25151666666665,2292.184784,4006.9525680899997,3.1701403011684297,2.308819923357718,SOL
0x2ac4880624dae9e823874d65e43bfeba97fc61b5,1023,72.92543333333333,9172.620029,13051.986809,3.167800827710922,2.213077885854677,xyz:SPCX
0xa808e739ffa3a294e200e62d419ca20e17864238,2107,170.3802,2565.231243,9632.602936,3.1578721865468315,2.5650031647621288,SOL
0x8ce248a79ad77b12dcf6eb04d3b6c8aba98bfa5d,422,155.46225833333332,2317.91136245,323.96250696,3.1540028441836343,1.5174761546546702,@107
0xb073b9ffab32a5148dce6a2444f815959cd5d281,615,141.98156666666668,9963.50299603,3922.586621,3.151308693310019,3.795284888796877,BTC
0x91630957c2535d108499e3c8f28e55dbbb3058ed,475,69.02543333333334,3274.41155744,1771.8900636199999,3.109246244391121,1.5223549429360308,@151
0x60ada1b25c46587d1774122ede882be9b9317d72,139,435.20690833333333,808.6038661700001,11273.54143001,3.0892138963819553,2.9143230545119456,xyz:CL
0x9b54264d7502f80163ea949038aad771eae67e38,6000,212.61396666666667,35412.841377,9407.268380900001,3.0280967607931166,0.9823570427033262,HYPE
0x04aa3ce65a0bf7d74f7013aed54a491d411aa788,4003,1472.6879,4138.351151,448.345137,3.010316167681604,0.5940043133113282,BTC
0x1ca9476e40e09514bdcda340b0c02ed66ea40951,800,89.28673333333333,568.258974,512.975488,3.0069735765159376,2.9432281528310025,HYPE
0xb28ab6ab51cf540aed994a8aac011a8785ddeb41,1752,152.78115,1522.180427,4468.72262625,2.98550444242681,2.731174093933375,HYPE
0xc9d46b11f3b1bbc85ebedfffca09707f8f28dca1,3803,23.739316666666667,20431.29927972,2595.7640509999997,2.9790513044280917,0.40994093314610086,LIT
0x44c872c879046716b553d239992ade31a476e612,4917,470.98450833333334,2143.390603,2731.960523,2.977514247667833,2.8353976510948447,SOL
0x15dbc42a6a6a707f5f4ea2181a6c06fc745d1e4e,5951,504.5357333333333,31532.72291403,9968.93555627,2.9555206445423754,2.316085094457853,HYPE
0x3d579384788a4fa74e9af4dbc4fb89fd49f48fc4,3042,902.3912166666667,4242.549107,9112.7404,2.943148932599823,4.617878802888612,HYPE
0x821dbb4ed1a7d9bf25a12e156f4ec10d9af1f95c,3667,15.30645,10866.66145025,6659.7638563,2.942997724503265,2.2055312984840705,cash:KWEB
0x934c8b08a12a2c06641de0e5755fcf77ef609db8,4911,62.940466666666666,5200.95747201,642.70567696,2.9284445405683495,0.48391728121874056,ENA
0xb5eb64111174782f64e94ea3d5171d5574128ed2,1092,365.70341666666667,4615.57556688,3872.67018267,2.8884073441624025,2.25502257233329,@107
0x02f02fb60ac7fda9f47d0c4a5488343858779dc8,1018,492.1447166666667,6161.96394273,1994.04860536,2.8798982086840725,2.897629253951458,BTC
0xe7f3ec7725bf9a5e377caddc8874bb360308200b,673,973.7711166666668,44592.430189,6335.6,2.8507688050491,3.5053158685519343,BTC
0x8c3db6464a597b986eba21252ce1a5bf5266e860,266,466.55336666666665,1443.72677361,1138.6503530100001,2.8304598762022835,1.3570456663947745,BTC
0x192dfd9c08cd9e17cc695913bca39b36ec425324,1134,50.49036666666667,1830.523279,5224.84783197,2.828231042325344,2.289443428025972,xyz:CL
0xee7fd638e9b42092dd292349d8526a253be75401,3116,1730.80745,22080.957688,50076.929561,2.8241026437018326,2.0658881831007223,xyz:SKHX
0x44fbbb9a4b770ee85ae0ab434c7ffdb9fbe563df,8538,131.69970833333332,14216.37308768,345.14658405,2.8114266472085894,0.26108921415879305,HYPE
0x1d7177e6dc59bea0b80dc867d51868d617885878,2336,1487.5696666666668,21008.28540975,9675.45005426,2.8013310607213104,1.1991362647575472,HYPE
0x4dd6e1094e99459bee550d5b7f20aec4b5de7bc9,667,34.19296666666666,1753.059055,553.2289079999999,2.777296501317376,1.1477321620904481,BTC
0x1e3f127785d3990269cd3ae5ca31e86d18be3650,4162,129.74681666666666,3111.29301505,4559.77047055,2.753617250533584,2.7955221673410877,HYPE
0x06d5af06a3a7d29909e1cdc7a9deded2fb14ab57,1178,910.7209333333333,32734.296097000002,32791.881003,2.7515655279379696,2.2717979516120446,HYPE
0x977da36660efc8131eb534bfacea35de15349337,1642,659.4302666666667,7409.24842687,18816.96409627,2.7077135303114996,2.2854024510190127,HYPE
0xef99a217bcbcc1b8588523053aa88ec1314c217b,664,2795.916166666667,8743.00731232,42144.833485999996,2.701100371556162,2.2920451033419535,ZEC
0x5f5af39b166e5ddc2658233b3d16cf0cbb8c40d1,9465,1553.7026166666667,12286.938773,4555.915086,2.7000746800335484,1.0410525278075704,xyz:GOLD
0xc04f39444b44716fd98f3782efad400fe2711b3d,10000,141.5487,17123.72761744,23203.6315,2.689704921386029,2.9173714803979225,BTC
0xb68993e53cef153afacf4532d191bda404a1f095,1424,69.23268333333334,17323.612631340002,1227.0417998399998,2.6734086428765935,0.27613520950145626,@107
0x6336668738f86420484c37ee954a1c006a7be431,482,931.1857166666666,10846.31357064,222.21969399999992,2.6582081291515944,0.1851649726110725,xyz:SILVER
0xe873f63b159e3bc53c2b1c4eabf63a237ec516f4,561,782.4130166666666,1072.691574,1783.9841230000002,2.6456788695010727,1.7966924834021287,HYPE
0xd4ea8235fd0b25df72001474d7b8120d4b9998f9,3912,262.66638333333333,30098.51076797,3098.3242839999994,2.6447203441638076,0.2673114982410251,FARTCOIN
0x5d1124fb77c539ec92e3ef853053bbce1e98271b,384,2736.3419166666667,18411.834867999998,780.631629,2.6315418366350425,0.4920613373459025,xyz:CL
0x834c27ccdd88624ba1196bacb8d0ecba123cbe0d,3117,26.411783333333332,803.382828,629.620771,2.6076567241528914,2.315695567723329,BTC
0x9ee19889d7447a54319bb5c74a32585a3d228631,575,586.8295916666666,33722.72398923,188.67567447000002,2.594071650457822,0.5478596763782676,xyz:CL
0xd579c9ba028f814616f6332f2d1f505aee73e389,312,1610.7352583333334,30249.068046,2049.802403,2.565279826042342,0.9487990672879533,xyz:CL
0xed7c40e138cb25e79d94295882c66ac8197fb66e,1548,63.938916666666664,20527.0700819,5416.136108,2.529324712143944,2.146897213619594,BTC
0x4efcddbf958781d8c7b49b1233c1d6f8112ec971,688,983.5915,6802.475139730001,3758.37576141,2.4643341692099137,1.6929728654126348,HYPE
0xc993ef2e69fb55a2beb1c2344469be4fe0fc72b9,1492,5.90905,3822.295272,421.748054,2.4165193279997528,0.4488471447144008,HYPE
0x5108cd0a328ed28c277f958761fe1cda60c21aa8,4967,501.7844166666667,11461.304268,4761.289505,2.3626366317418976,0.835298469352405,PAXG
0xbe96ede614ea3765e542c592a05f7ce3c46342cd,695,258.2943833333333,4066.854815,248.12995,2.3368207707593665,0.5026256346566521,BTC
0x649b484cee3a568c297ea6e15173dda75b0884b0,685,836.7811916666667,3364.13887304,51.236523000000034,2.3304076186869955,0.0789196320987418,xyz:XYZ100
0xb04031d5adc4ef6bf66d9206f0b301770ea5a19a,2069,218.33775,3373.47308962,2165.374252,2.2755696194691666,1.0420505021638735,BTC
0xb9991b5dc46fb1fc5bda76cccf52ed4a38384538,3234,150.999975,3320.209007,11004.995373,2.271604495134478,1.9284730041400358,ZEC
0xe69accecc45dc1023fb8e9a24ef0ba9ac5b44a3a,10000,923.2272833333334,79394.410029,78321.743848,2.2703118601375802,2.5080201670125333,xyz:CL
0x9042c6aedf85b2f80b29d90c9e53178fdbc79bbc,1742,222.73596666666666,317.28262712,1348.10761553,2.261439859854587,2.600818874681256,BTC
0xecbbebeb4fbef7021d5b60f80beeca74d229ed46,1690,75.32776666666666,1639.6948875,1714.94781608,2.2605129270247906,1.4775201502626565,xyz:SP500
0x0dd7dfbfe8d8062871a8b7161d3eb1076a2a1761,697,20.9512,850.85444141,1431.78425613,2.233566906032475,1.4752475073130897,HYPE
0xcd93dc949a1aa0a7887a2acf7f6a127e97783b5f,460,2132.4649083333334,15852.612669000002,24055.910808,2.2004358730524873,2.5726435377835375,BTC
0xfc0a9d73b4382348bac7f4f600439bc61bb00271,5415,12.796133333333334,250.096624,1201.9029979,2.1875666883009837,1.82583494869349,xyz:CL
0x8757ac4188aa097d3737aabc37b41d40c203cad0,787,1314.7155333333333,3069.5648,10.541074999999989,2.088035725554596,0.01070679872718733,HYPE
0x7817ec09945ec3f2fc6a6ddbec3b3c602445e3bb,400,1091.5662333333332,9349.630724999999,3363.9451839999997,2.069764860643877,0.7933911317389881,BTC
0xaa446e32b8c1f1bb82e6a548c6baf54654ebe911,1272,407.98905,6735.707796,20508.56035473,2.0642727213636483,1.5657845871052498,HYPE
0x3e4515b004138b523c55fb7fe928480358500ef7,3223,170.18855,184766.77710553,16607.127673,2.0626097252702853,1.50534249361151,ETH
0xb16395a96326a115102335ffb4da07ee2a90a72f,2956,853.2561000000001,18494.1834512,13832.86492105,2.0536447881169635,3.5728674527058826,xyz:CL
0x25916752879094601bd42be5ccdc139185c86b25,104,1105.2346083333332,693.6329406599999,196.02092600999998,2.0201771415218532,2.0938355621792146,xyz:XYZ100
0x543dea2479bb8527c71bf4e52802b017212589e6,1069,821.8960333333333,3065.1954966400003,101.42815697999997,1.9709638199681816,0.11998082583590157,BTC
0x6986060e76998e7db6f092f93aa6997ddd9d8227,808,139.02105833333334,6442.535241,12069.76866,1.9610339354132988,1.4376879310956214,HYPE
0x8844eb7b4e11adbedfb87739c83f151bf0e32c64,2320,1494.8445083333334,23471.304487999998,1896.4349280000001,1.9111965084979328,0.15679732063751883,BTC
0x3ac0c0c31037818b90f9fb28b2011b2a4d9f0f86,840,596.41805,771.91912333,130.52051618,1.902935357876742,0.5791305986220899,@151
0xef79b9d76590b873409430b17b0ec9aecc64fb70,1810,19.458525,1421.44591204,29583.04736208,1.8747786128219122,1.791678584784471,HYPE
0x118c6cb819f6a585885241d582f992840fd73de5,4866,938.2547,32512.5312042,10551.83639777,1.8473065964116395,0.7198122132412179,xyz:BRENTOIL
0x03253d6409fb0288323b1daa153dd72e8e7af51d,2684,67.9007,12167.84056073,13323.81659519,1.8447063692065566,1.1186225005982195,HYPE
0x570536c56f4ed8df9c4636bafae009f7c13734f6,825,757.0426083333333,164.74518299,517.1802963,1.82025226131366,1.4123700572172382,#20
0x017ddfd4c44ee369ebced68db13358c015e9a42d,2291,1095.0949333333333,8040.97833629,209.23952877999992,1.8154641418970958,0.05915861055165841,HYPE
0xcc1c88520bd6a8f9fbef6094f790ca0103dc225a,142,173.29516666666666,4720.11926796,708.26196314,1.808893163524494,2.282140430640999,BTC
0xa01067f872ef9ed63df82d9675383789eb870884,1032,409.988775,1083.9823685200001,1381.0086979999999,1.8017599135265328,2.3436448463039827,xyz:TSLA
0xd28a9fb4c656b815bfa452d089673a7735ee2124,8479,63.62845,17629.79959184,12504.31571023,1.699192499572584,2.9487857233547468,HYPE
0xe9333a7c8d7947265bcc1a5063df4b3ac5b9afdb,3109,764.2582333333334,15242.343845,629.4600089999997,1.6489475355138135,0.1010552996597269,HYPE
0x46bf821d678ef32f406f0522ebb8f44f678430b5,2363,773.8797166666667,8145.018109,10398.55114,1.6482944153100565,1.4016682239762477,xyz:SKHX
0x45f3659785468c122609951014bc66a7c472f640,1078,1509.0492333333332,5366.529756,4144.92085622,1.6311205010957917,1.5614558465630113,ETH
0x4a671356dddf2e12bcba704bee80b956d7e0da8d,2000,1003.7779666666667,6283.339335000001,7980.148118,1.5954252429899944,1.3870417513202646,xyz:MU
0xf97c5df40558dbd9105e40d35ea2ac0fa314982b,1103,144.85930833333333,1834.59088011,7151.500467,1.5676433611621072,1.300258532553641,HYPE
0xe71540efe8ada263a137285e3117b5999ed5872a,384,417.9766666666667,4513.28884804,274.84396039999996,1.4749497171311325,0.6024566232796426,BTC
0x5bc81274740a73d33ec8539182c326b8b58004c2,2460,229.978875,1635.007626,462.027179,1.385058894192275,0.43918417198073506,HYPE
0x77fa904ad309759ce8fd24436cb90ec6ad1cb99d,3379,214.38183333333333,5742.2899024,6692.52081756,1.3685285312161268,0.8166667289184434,@294
0x3f8f352217687d755c6d7b879eaed1e9141eb66a,4246,103.87588333333333,5757.18420305,1010.2979356800001,1.3202644181205665,0.2691927921589984,HYPE
0xfc55a72ec00ea3595ba5119882c7e7adb52985ca,1309,275.463125,2623.237861,69.49213399999992,1.248115149080106,0.0579533883372534,BTC
0xf01874b954e8a9b9f65f2489087bc49efa479b07,473,339.8914,17037.20903203,1297.08863802,1.2351095082889552,3.1104376095021222,@260
0x9e55b0e43b7f7f3909af841d326b2dadfda9392e,2465,381.10883333333334,6071.48473771,13649.05845615,1.1804753518809745,6.210271318070371,xyz:XYZ100
0xd0a7383d42b4f7e3dbfcf38c0c8d9c0994700aa7,1817,485.51953333333336,1876.87591193,634.0815112500001,1.0253799888342783,0.27096224281195613,HYPE
0xed62616a7c1dd354801f4e72389299a81493e004,2423,1368.5508833333333,5450.86656158,5747.347646130001,1.005918978283625,0.5406234955887202,PUMP
0xddafd8c053d8b52e407428a85617b7fa67d08f9a,2374,20.59725,288.46310344,149.74106944999997,0.9353975892445962,0.340671346775605,xyz:XYZ100
0xb0337ad3871e8b3018f94fb10b202f48c90ced83,793,502.84471666666667,1367.951193,518.8664969999999,0.5758127642979731,0.16008293094242604,HYPE
