addr,n,hold_med,hold_count,train_n,train_pnl,hold_n,hold_pnl,total_pnl,ev_per_fill,sharpe,max_dd,wr_fill,avg_notional,ev_per_dollar,trades_per_day,span_days,top_coin,top_coin_pct,long_short_ratio,t_stat
0x25608292189bb759333d62bb2e776d32e997659d,2150,1196.7143,6,1660,227766.40649987,490,33496.112784,261262.51928387,121.51745082970697,33.39081053694403,535.1546119500126,98.75457875457876,736.6712163322695,0.16495479684236436,24.292479329457937,88.50475782407408,@107,56.13953488372093,448.0,10.652715419523206
0x0e3f5bb797e3953fed2a319544d0e821b4a11e1c,10000,31.825516666666665,167,6568,45943.67534265,3432,23575.93661281,69519.61195546,6.951961195546,25.75969017983034,805.3699999999953,96.35596471039509,6615.680511013851,0.0010508308531484109,132.0758149389054,75.71408894675926,ETH,72.38,1.308673469387755,13.98285551193251
0x1005996ecc8896d01f4259d004a1c3bcc7e474ed,8771,19.008133333333333,1648,6168,48118.971302,2603,19227.630151,67346.601453,7.678326468247634,24.87608507986013,7490.944287000013,64.37255753365176,932.737439255501,0.008232034166417051,97.53767612002673,89.92422568287037,HYPE,100.0,4163.0,13.844381684321162
0x02159593e155250288a7a1dd5257fc217601ceee,9878,19.272475,1620,6908,85732.64657,2970,35316.382587,121049.029157,12.254406677161368,24.43512973201626,14671.143336999992,65.19823788546256,1477.9440475126544,0.008291522739162725,109.69362072599468,90.0508154861111,HYPE,100.0,4657.0,13.795561675895742
0xa8123bfb8301ebcd78c41d90e1ce9d3107ff1823,9173,18.905333333333335,1647,6383,62810.056365,2790,25354.602929,88164.659294,9.611322282132345,24.381857831789514,10675.617702000007,64.52086391276997,1178.4489459773247,0.008155908930073652,101.9686209214489,89.95904737268519,HYPE,100.0,4404.0,13.968722145140152
0x4221ae35dd1c468fea6fa034ffcd6360100f0eaa,3239,539.9849083333334,204,2270,40996.837724,969,6279.964966,47276.80269,14.596110740969435,23.889619621821186,142.72158100002707,81.88194038573933,146.0348882834208,0.0999494772279462,36.44102633995552,88.88333631944444,BTC,41.062056190182155,0.0,10.00699521281506
0xc16b8ddcef47a74c9b76cd28e6834270090d72dd,4024,1921.9747833333333,4,3853,243117.196932,171,18878.3039,261995.500832,65.1082258528827,19.88646103051665,9506.87999999999,90.82352941176471,673.4592829540259,0.09667730106458025,56.04848082937158,71.79498784722222,ZEC,42.04771371769384,1.0686274509803921,14.8714667859769
0x1aa5b4b70b215371899a7ffa4f16053d5e5f4207,3497,6.313383333333333,199,3143,10999.053353,354,1043.22115519,12042.27450819,3.443601517926794,18.375143951957607,409.7199999999998,96.11708482676225,1340.193822719474,0.002569480219614175,45.10530798645684,77.5296779050926,xyz:SILVER,52.47354875607664,2.383742911153119,8.809203096093263
0xfed459402e31f2e16260f2d89cd8e654498d35f1,3953,141.010075,348,3055,14945.182552,898,5517.746512,20462.929064,5.176556808499874,16.82492355256119,88.5629899999999,94.26349052017501,2078.37376244169,0.0024906765578191353,44.787502820946244,88.26122804398148,HYPE,63.62256514039969,0.5588477366255145,8.510332116674682
0x9bd64263248752d128cbdfd3f64f69f135dd4ec2,10000,260.78638333333333,111,6810,51403.260514300004,3190,65917.2473222,117320.5078365,11.73205078365,15.921957428781717,945.0270764699962,93.19767441860465,2327.5885756797147,0.005040431503331272,124.6369936200673,80.23300072916666,hyna:HYPE,47.02,853.0,12.107355441407401
0x3bbe8e02f72b10c9698a6e4375b5a19e53fc5b40,10000,150.53395,165,6317,100978.84253913,3683,38071.859947,139050.70248613,13.905070248613,15.669294094416353,13837.325403000053,86.65212217374058,2609.177819390712,0.005329291911526396,114.60328786399208,87.25753149305555,HYPE,53.71,9.647948164146868,5.2296502948755865
0x5e77acddecd858d296ea1fbc7c6c169559f072b7,717,30.3751,1,417,20279.88042251,300,14090.63128619,34370.5117087,47.936557473779644,14.290385465092895,544.3749841100001,96.67458432304038,785.9603344351465,0.060991064527741924,8.058006597346957,88.97982290509259,@107,57.88005578800558,3.0,11.350861812161408
0xb65dd7c56afbf3b272ab5fc49be44b47dca18003,2640,85.06578333333333,773,1719,1350.183326,921,1376.460552,2726.643878,1.0328196507575758,14.144685011947926,21.198945999999978,99.7384481255449,392.6226922125,0.0026305653525461044,31.89013507999275,82.78422130787037,SOL,11.893939393939394,1493.0,8.7739888911192
0xfb51e66f1923b3a316bc81f2a435824c254d0fc6,4252,322.30375833333335,406,2908,28999.966801,1344,15304.987939,44304.95474,10.419791801505175,13.402014882824336,561.1226499999902,94.98418436511523,985.6288408633584,0.010571719667190331,47.67909482934587,89.17954535879629,BTC,12.323612417685794,0.0846194784459819,8.312944611305664
0x8e9c5b74a5c0eda6942a632cc7ba93fcaa66a0c0,2560,75.693725,16,526,8197.33544401,2034,39392.824045,47590.15948901,18.589906050394532,13.087242732938732,0.0,100.0,9056.030438195312,0.0020527654116519437,32.06230430282162,79.8445419212963,XRP,99.8046875,1653.0,11.268164506504274
0xd9ffc44a03241faafd27a702e0deb00d7b2cfdcf,2987,36.683233333333334,138,2121,30010.30607765,866,8846.208866,38856.51494365,13.008541996534985,13.071497434437841,4.044300000000021,99.2847854356307,5899.019387575159,0.0022052041435792354,33.88986207161993,88.13845254629629,ETH,32.842316705724805,3.2330383480825957,6.422782821588099
0x04a97ae7f350a22cd0cdb6b1875e8905b76495aa,4048,107.38676666666666,94,3305,256201.152247,743,40470.1,296671.252247,73.28835282781621,12.658237701144106,896.5332000000053,98.70317002881845,20449.07522359931,0.0035839446051446665,46.47551546017848,87.09962568287037,BTC,77.44565217391305,4.9375,4.620882722857583
0x129f8031ada05d2ae924ee813bde2f71cf198c75,963,35.79865,193,480,1205.247037,483,969.780768,2175.027805,2.2585958515057114,12.430263884840278,39.99223800000004,98.58490566037736,446.1737072969886,0.00506214466376503,13.832372633171635,69.6192927662037,HYPE,49.84423676012461,1.0111940298507462,8.247960643995551
0x11eee2e0a613af4f636e23ff295e2dac6a191d1d,8288,68.75185833333333,284,6146,170495.70208223,2142,57102.60195604,227598.30403827,27.46118533280285,11.851913849979441,3066.0,94.14662416690814,3440.4288251884777,0.00798190770050255,92.66198100539174,89.44337159722222,HYPE,23.22635135135135,0.1540872920183265,6.435075013143592
0xbe10fd36393c8b677281d0bc2cf1bb8c98ad4b34,10000,243.96701666666667,72,5681,240629.35347692,4319,65139.22167944,305768.57515636,30.576857515636,11.843738810894349,10873.734510999988,82.01122772760557,3133.5363627699635,0.009757939265975795,134.69841200239665,74.23992496527778,HYPE,20.45,4.315789473684211,4.988232231343803
0x9417f0013ad79427249dc7be79eb31acad7fa3df,2719,88.04930833333333,72,2186,11189.77734202,533,6408.44953663,17598.22687865,6.4723158803420375,11.695436711024701,582.1769899999999,95.25925925925925,4200.3600155789545,0.0015408955080841872,34.935395256166174,77.829375625,ETH,41.559396837072455,0.6361416361416361,5.402707397071002
0x5d9d19a3e5005225f13780fa10c198f87816670d,5453,1052.161575,130,2938,67727.67040443,2515,72049.94749369,139777.61789812,25.633159343135887,11.37112032922204,3170.91072331999,76.82926829268293,2357.280832731568,0.010874037147891587,61.10635470238762,89.23785466435186,HYPE,18.576930130203557,16.666666666666668,7.868920929369877
0xb3b60a1fd4d8241bfd7b285c3560d75135350582,3444,870.9607166666667,31,1377,136873.78793754,2067,92126.95714303,229000.74508057,66.49266698042102,11.312282978346824,13595.922899999947,72.46722288438617,12345.25533619829,0.00538609086403047,40.01479886583167,86.06815722222223,ETH,35.278745644599304,1.2111251580278128,7.226944192456193
0x81f6b887657b679d9e23153ffcd703e111010240,8625,14.969266666666666,238,7193,17332.24245379,1432,4654.037675,21986.28012879,2.549133927975652,11.284710656596348,3367.2668390000035,77.05576559546314,2441.2456418083952,0.0010441939493181591,98.49788075108219,87.56533576388888,BNB,23.04927536231884,3.2333654773384763,8.263907729448258
0xf97ad6704baec104d00b88e0c157e2b7b3a1ddd1,7776,139.8177,208,4014,105238.95840417,3762,57780.31613308,163019.27453725,20.964412877732766,11.271682819695137,18895.29388735992,76.13370733987844,5533.541560161241,0.003788606744849656,87.00132731793138,89.37794674768519,HYPE,55.516975308641975,1.5918544194107451,5.317259045288302
0x34d3a17095ef7def39a489d63c7c916e673c9ca2,4538,310.57553333333334,29,3572,104151.7199155,966,97878.58815158,202030.30806708,44.51968005003967,11.062560418178537,22449.536497209978,91.88176519567027,2542.8029369714473,0.017508112564579587,55.553505856799646,81.68701380787037,HYPE,76.81798148964302,85.05263157894737,7.090542071267011
0xc0cecc9cc4ab23536045a65c91dc962a04234ee8,1167,149.98453333333333,247,774,1326.290283,393,3039.396604,4365.686887,3.7409484892887743,10.681285070021184,0.8342730000000529,97.05882352941177,906.675775681234,0.0041260046751309745,13.02545663637332,89.59378796296296,HYPE,100.0,691.0,8.265576774250691
0xacf09af6853ba4cbbb838e6032953bd7037b4539,4233,45.590741666666666,200,2880,9020.53530214,1353,4052.69541294,13073.23071508,3.0884079175714625,10.572921419702178,1666.4054420000011,93.01541425818883,2325.7252005165683,0.001327933290177831,47.54794190188812,89.0259353125,ETH,56.484762579730685,0.8986988847583643,7.378786089133713
0x64174450c49242535b4184e3988cc4145b80526c,10000,1092.46185,156,5702,25184.98896294,4298,18287.650367,43472.63932994,4.347263932994,10.547049035106308,3101.786498669995,64.75524475524476,564.927053038481,0.007695265981000699,112.14119557134887,89.17329576388889,TAO,31.69,6.400568181818182,6.73910472179065
0x47add9a56df66b524d5e2c1993a43cde53b6ed85,603,1318.8684250000001,4,355,4192.97424959,248,2858.31408184,7051.28833143,11.693678824925373,10.50943843072371,40.59389341999986,89.65517241379311,683.5221764091965,0.01710797283323965,6.768332957233424,89.09136175925926,@142,41.459369817578775,60.0,7.087193498420598
0xb1231a4a2dd02f2276fa3c5e2a2f3436e6bfed23,502,441.3642,15,427,91325.60254847,75,18245.197764,109570.80031247,218.26852651886455,10.361735057460518,67.76530200001434,98.61111111111111,5744.4930142205885,0.037996134032809714,6.511877109134607,77.08990688657407,xyz:CL,57.569721115537845,182.0,6.041088377574749
0x6745b422c01acdfe3bec078022c0c73ffdbf3931,1852,1037.38435,19,614,24080.069882,1238,100705.03261,124785.102492,67.37856506047517,10.088462386378453,5868.330364000023,82.71604938271605,3073.119337177106,0.021925137838079374,26.457266980570985,69.99967159722222,xyz:SILVER,34.50323974082073,0.943502824858757,8.749482836373208
0xac5c66fbad98b49979cd1cbaa800ace76e947866,2904,15.816016666666666,87,1851,12199.498617,1053,11541.167784,23740.666401,8.175160606404958,10.017513053413913,1366.8208550000018,87.59075907590758,1877.3740086815599,0.0043545721676131015,32.88762858502644,88.3006809837963,PUMP,35.53719008264463,28.84090909090909,6.320667391838794
0x0296c6761c55a3a54815490428e12188f44e8f48,1976,1078.7398833333334,15,997,23275.991543,979,86056.40808743,109332.39963043,55.33016175629048,9.707014297156668,4572.344802569998,99.90467111534795,3360.2762010880565,0.016465956500353925,23.24281913266674,85.01550473379629,HYPE,99.24089068825911,913.0,8.033500307614938
0xb4a9964201c213af0c9c7f62af561813c9a2f1f7,6761,2124.8037583333335,16,2990,211482.554109,3771,136249.64395385,347732.19806285,51.43206597586895,9.434808343923953,68374.53846972992,60.01990710019907,3208.154979802544,0.01603166502231588,75.9585436738862,89.00907880787037,HYPE,89.173199230883,3320.0,5.224689913626123
0x255e7abaca5ac048f3cd95afead4fd764dc5cad8,3053,523.2815583333334,84,1705,8453.798351290001,1348,10229.79000957,18683.58836086,6.119747252165084,9.297686283940637,2982.088203999987,76.48514851485149,705.3231595817938,0.008676515394437999,34.02536124406244,89.7271884375,HYPE,88.27382902063545,1.0428893905191874,5.804670702663164
0x18cfbf7cbbc6c9c6f911b0df9dc1b6a2a6258f43,1308,604.6288333333333,65,990,7071.8234766,318,3932.46598233,11004.28945893,8.413065335573394,9.19583362197673,230.17132717,72.39101717305152,493.3503935097969,0.01705292110080445,14.720507768067865,88.85563056712962,xyz:MSTR,41.51376146788991,45.0,6.265383412170527
0x31739a0f7a70bf18076c0dc25753c5efbbec505b,5323,1280.8289916666668,122,2050,10880.729354000001,3273,29682.725828,40563.455182,7.620412395641555,8.866252726511853,11660.709911999933,84.27143608627038,3616.9616800529775,0.0021068546116114616,63.709601987337436,83.550985,BTC,32.95134322750329,8.239782016348775,7.237159074317059
0x568d9f311aa888834d13e09e70273be7a89f853d,1205,83.09943333333334,50,551,12361.18835,654,35497.152379,47858.340729,39.71646533526971,8.833719772300734,1531.168329,92.65306122448979,2154.859986232365,0.018431111807274036,14.831415618510777,81.24645893518519,HYPE,100.0,7.313953488372093,7.769137581571299
0x241066637dea18ef8fdcb1af0a920daa93c3bec0,4645,125.76890833333334,308,3521,16314.15724197,1124,13997.434925,30311.59216697,6.525638787291712,8.81930030911965,3599.8193409999985,90.72015466408894,2037.0074455080733,0.0032035419417252436,53.17744619635323,87.3490611574074,xyz:CRCL,30.721205597416578,21.49122807017544,7.560640967912446
0x618d69438f6c5785a72d0024a8cb73b81c356e34,8524,18.539058333333333,678,4614,19608.08738832,3910,17635.203867520002,37243.29125584,4.3692270361145,8.694660248785475,2675.8554910000003,66.30875202593192,1531.6412055747016,0.0028526439614002686,94.76369129850376,89.95006297453703,cash:CAR,14.465039887376818,1.2212101496421601,8.794780105344463
0xa31a661fa0247e04499291c98c57ca23dc2d26db,1428,1173.574075,124,811,11144.765897,617,18226.47095467,29371.23685167,20.568093033382354,8.647705633316779,615.905432,79.34782608695652,861.41882079986,0.0238769951813731,16.054231699341877,88.94851069444445,HYPE,25.0,2.8838383838383836,6.4090677485459215
0x93f2a4be47cc6c306ed6cd552bc1793c837f8571,724,1378.2255,13,515,17480.62124315,209,8697.57807057,26178.19931372,36.15773385872928,8.59842794237058,815.1369795700001,93.87755102040816,1815.8451367265193,0.0199123444656255,8.601726911938204,84.16914503472222,@107,79.69613259668509,101.0,5.689642501863247
0x925f1b66ffa6246ad02ecaa8fcdea175b37093ba,2841,402.7697,81,1481,16340.129411,1360,8925.346759,25265.47617,8.89316303062302,8.546332827906785,2739.66393,93.77401998462722,1941.3535661295318,0.004580908488685696,31.94604510096962,88.93119605324074,AAVE,32.312565997888065,41.69444444444444,9.798645799789064
0x8619c8a6d9c3ff25137e4d774cc94457a7b88b03,2350,352.8238666666667,101,1268,20018.52467948,1082,11963.22972551,31981.75440499,13.609257193612766,8.528959840237352,1775.5093110000016,91.60696008188332,4490.858966936348,0.003030435222706841,26.442872317111924,88.87082960648148,xyz:CL,25.74468085106383,14.323529411764707,6.551077715742968
0x7ec49c3eb939964b3b0e19eda175102670624ad9,1259,209.05873333333332,111,854,9545.97390012,405,9304.17301055,18850.14691067,14.9723168472359,8.463831891929567,1755.336360000003,65.59865092748736,4957.316801959406,0.003020246122119533,14.085599982560819,89.3820640625,BTC,67.27561556791105,2.929936305732484,6.6408943364454975
0xbbf7d7a9d0eaeab4115f022a6863450296112422,6530,313.8644,1475,5006,22910.323972000002,1524,8451.899634,31362.223606,4.802790751301685,8.402507162803735,603.2602460000002,66.32511769592911,157.23859809127106,0.030544604248594523,72.67877050343981,89.84741974537037,BNB,13.476263399693721,19.412587412587413,9.99228157188026
0x4101ce19ee81f24da894976e585f1e79119dbd93,1026,1577.4581833333334,71,700,44474.54907,326,29728.091115,74202.640185,72.32226138888889,8.395946017372427,2293.60145,85.23364485981308,1805.2010508030214,0.04006327237440795,11.510544423573737,89.13566224537037,HYPE,20.37037037037037,1.0625,4.6620020270380556
0xd2147a366e335b89b68ace628923962393b56813,1334,49.4145,21,1192,241656.74438062,142,81295.94812073,322952.69250135,242.09347263969266,8.369106861420603,2969.253745999944,72.76785714285714,7633.090706042729,0.03171631020289587,19.18811031103536,69.52221862268519,xyz:CL,62.29385307346327,14.0,5.820619776301042
0xb27bbaadcdfeab937069b4d966ee6bf5a32c999b,3863,2123.6659416666666,58,1214,27569.729717000002,2649,98460.087876,126029.817593,32.6248557061869,8.292283441796934,3804.7750570000353,88.22505800464037,1323.9240685205798,0.024642542938768063,43.50253860177944,88.79941548611112,CC,21.14936577789283,0.5763837638376383,6.683222531790855
0xf0ae4d359f07fb630a5bcb197ac3beaba4cc2f74,3338,2186.84795,15,931,76740.14945068999,2407,129569.06623899999,206309.21568969,61.806235976539845,8.273870312348981,8894.290615999926,73.51453855878634,2652.7747748861298,0.023298712186824406,38.887967112264214,85.83632027777777,xyz:CL,48.801677651288195,0.5232142857142857,5.674461254013694
0x45e750e74b4f9025d1ea4726390bf3ecb96393c6,3514,728.3691666666666,79,729,11173.97722976,2785,26725.17638804,37899.1536178,10.785188849686968,8.165739180632198,1829.7737819999948,61.64294954721863,943.04442341155,0.011436565003661815,41.65851387578828,84.352505,VVV,10.017074558907229,25.508196721311474,6.955206174325903
0xf85a42a3f447f20ce982c63ade745b71b2d3a668,5789,118.20395,95,2590,52462.75042794,3199,120324.72600798,172787.47643592,29.847551638611158,8.04212504889989,10975.975420000039,57.577955039883975,4326.123954060121,0.006899375042316774,64.90788100753464,89.18793696759259,xyz:BRENTOIL,16.462256002763862,1.8528183716075157,6.877774999595011
0x357964620189ed90974a4048bb050e7398721e2f,10000,31.163483333333332,59,8577,89839.040819,1423,45108.668732,134947.709551,13.4947709551,7.976502799519994,17367.66432199999,34.97164461247637,3496.6702319092,0.0038593204563450597,141.05447264398984,70.89459704861112,FARTCOIN,19.11,6.378873239436619,6.08857317807141
0x456f1049c0f2ec990091bbd3f30af62aca3fcdf1,1259,552.8020166666666,63,483,26993.969868,776,96274.485711,123268.455579,97.90981380381255,7.953315553681522,531.1166870000006,86.64987405541562,1842.067972627482,0.053152117760430044,14.304194867507272,88.01613873842592,ZEC,92.45432883240667,12.261538461538462,6.58866230221204
0x0c44471cc8516125ead11e09446302ae20540ed4,1953,1281.8830083333332,28,699,97237.84155,1254,198764.65750097,296002.49905097,151.5629795447875,7.8413378096965705,18460.35096200004,83.9258114374034,3875.4210831226233,0.03910877716097512,22.306801988812033,87.55177012731481,HYPE,54.3778801843318,16.144736842105264,5.693171884590402
0x711d0883044c616763e61082b932e270d268e560,1234,613.3217916666667,34,983,12358.26425746,251,10400.06091948,22758.32517694,18.442727047763373,7.778023655718934,1844.7341144599995,84.49905482041588,2013.0985889645779,0.009161363059346861,13.795653958462507,89.44845990740741,UNI,24.716369529983794,1.967741935483871,4.583978674948935
0x2e8d3856e5a4627e22d2cdaf6c8085ede9037241,682,1470.4872,27,423,7416.3843474,259,3757.94840884,11174.332756239999,16.384652135249265,7.602339038312157,202.51200000000063,97.68518518518519,1002.3527576324065,0.01634619350372259,7.723014008227685,88.30749229166666,xyz:GOLD,20.967741935483872,0.6059113300492611,7.105754928529388
0x949b82dfc04558bc4d3ca033a1b194915a3a3bee,857,2764.1361833333335,21,257,13647.90695585,600,31257.18021467,44905.08717052,52.398001365834304,7.591820531729895,1497.2675479699974,89.30348258706468,2102.8352229940797,0.024917787562654798,10.137061362469716,84.54126589120371,xyz:SKHX,19.019836639439905,3.0344827586206895,5.8606210780652805
0xa04cc046c32dc706c65324ae6352d3d78e0c2013,1739,567.68175,22,332,4115.39009,1407,51451.152002,55566.542092,31.953158189764235,7.513874942498113,885.2125360000282,86.7709815078236,3870.8764018056354,0.008254760646674006,19.514033431313923,89.11535414351852,HYPE,96.43473260494537,9.36,7.006367195635004
0xc4dad120712a92117cc65d46514be8b49ed846a1,3019,127.69676666666666,94,1173,12400.235451,1846,18564.56637704,30964.80182804,10.256641877456111,7.4706551797861565,3990.1346079999985,91.40708915145005,1000.7933100311361,0.01024851163037552,40.25496412529434,74.99696163194444,xyz:BRENTOIL,27.1281881417688,12.326923076923077,5.188008618453415
0x7c7b412019186684b51bdd98d4cbc33ccf1eee7d,6083,100.56900833333333,46,2614,16823.28246304,3469,21174.31039359,37997.59285663,6.24652192283906,7.465546437263028,6161.191448999998,95.9701997968168,1203.8366368953225,0.0051888451733357694,68.17722817223677,89.22333986111111,HYPE,49.36708860759494,1.0538147138964578,4.538047184645413
0x424d756e19469ddb13c753b280cc0e9d8c95420e,2549,152.11767500000002,188,1846,4464.99746643,703,4351.67268188,8816.67014831,3.4588741264456653,7.217754926847564,868.572693999995,85.5761482675262,1176.1949623027665,0.0029407319681712,28.656350821037314,88.95061398148148,HYPE,41.38877991369164,1.6494845360824741,7.111140952143927
0x1188e4d6c751d79e27cbf38309803b998318a7e6,4973,188.34121666666667,77,2972,54116.57076475,2001,143563.73443629,197680.30520104,39.750714900671625,7.110950901026203,29660.76935864001,46.22285174693107,2696.068191772658,0.014743957523765611,55.55942613330142,89.50776395833333,HYPE,15.383068570279509,3.845342706502636,6.000173033967333
0x1ea5e2527bdb39068c03cace032c953fd854addc,2976,202.419475,88,1993,30535.21628,983,8005.032135,38540.248415,12.95035228998656,7.069270873132018,4483.9857899999915,66.0270078180526,5596.407472529234,0.002314047423021861,33.44932602291931,88.97040251157408,BTC,57.69489247311828,4.876404494382022,4.514279452503281
0xdd5296899e9667839e4756ced0c6ea6ae21dcdec,894,228.9446,70,388,4035.589903,506,4869.544312,8905.134215,9.96100024049217,6.630260031636462,820.962276,57.81990521327014,1526.1773066800895,0.006526764745415096,10.405400152113911,85.91692649305556,SOL,35.01118568232662,0.9585062240663901,4.759597246595642
0xc0c212f6463c6cf9d1f3cc0fb75e940c34b96fa9,2264,288.87413333333336,77,1620,42524.26016427,644,8259.79920492,50784.05936919,22.431121629500883,6.615268899267067,8326.647962550007,80.56312443233425,1773.6208382036223,0.01264707830802203,26.23886904868465,86.28420667824074,TAO,21.863957597173144,316.6666666666667,4.767264264801537
0x081c9b59cf0cd905ba3d314196b4eb261f363adf,91,48.836325,6,19,360.95133764,72,1590.6136349600001,1951.5649726,21.44576892967033,6.609838798033748,0.041999999999916326,98.18181818181819,190.60375076923077,0.11251493657979121,1.2315123461621966,73.89288486111111,@107,76.92307692307692,1.75,5.945328538696502
0xe61121dd5692c97f02504d2c01be88339a7a73c9,3595,853.1528666666667,99,1296,6681.636659,2299,9716.828895,16398.465554,4.561464688178025,6.406414316896882,1425.7087470000013,64.19019316493313,790.956353272879,0.005767024525820232,40.867453165062265,87.9673119212963,BTC,8.873435326842838,6.34640522875817,6.677973947029832
0x981c9b73cc8e9817e4768c3a5beb5173991d4477,661,1510.350025,44,421,9147.399132,240,9058.092137,18205.491269000002,27.54234685173979,6.36942097907221,387.05238499999905,93.45794392523365,4972.05007509531,0.005539434727276319,7.556846072693842,87.47035385416666,ETH,31.61875945537065,0.29190751445086704,4.742163880526822
0x0c67ff84dddc2f62c9feac062ed8d11d1ca7298d,8762,75.49460833333333,284,3764,22757.6577544,4998,22205.08767388,44962.74542828,5.131561906902534,6.35954577328978,4330.389999999992,68.01920768307323,5014.618510637451,0.00102332049706613,98.05874793927075,89.35459797453704,BTC,28.475233964848208,0.38832997987927564,5.571222771011113
0x0e9295ed032c59ff7ee2d575172c1f46932a5c90,735,5.976291666666667,28,327,2578.25024403,408,330.52427021,2908.77451424,3.9575163459047618,6.253263430917701,125.76799999999957,92.82945736434108,1560.4777938691618,0.0025360927027947055,10.049328441473515,73.13921564814815,xyz:SP500,41.49659863945578,165.0,5.296430872220566
0x0c63fa8a570819c318065eebef9e07a80c534c39,4663,251.47975,93,2087,14648.02966648,2576,53129.776357,67777.80602348,14.535236119125027,6.17811578019354,11902.880733530008,65.6829360575104,2590.364211177268,0.005611271209047109,64.37948068420268,72.42991012731481,xyz:CL,14.9474587175638,0.6336311941510967,5.82504138883127
0xbaa91d6651782949d024d3783172fd5c094cd8b6,2000,484.64868333333334,176,1765,51032.70691239,235,6643.052076,57675.75898839,28.837879494195,6.14437063307812,6993.084970000014,91.77820267686424,6832.700912358921,0.004220568098046459,31.681382605634223,63.12855802083333,BTC,34.6,1.5917808219178082,4.6095563244452755
0x9fde8e59c61c290c435c2d953e70a3873e06a572,3884,734.0639416666667,42,1046,62324.1964629999,2838,47205.456741,109529.6532039999,28.200219671472684,6.116684959878805,9859.551319999984,80.83832335329342,8192.552985321834,0.0034421772702596535,47.54770873208802,81.6863757175926,BTC,47.91452111225541,72.10714285714286,8.908208821114396
0xd6098d5b1381ea2bdff4466a346e73c41046c9f7,1074,1354.5621666666666,36,662,14043.8294427,412,17629.97888,31673.8083227,29.491441641247672,6.086167214684425,1108.5916842200004,87.409200968523,2518.320416876025,0.011710758267143698,12.00757883226457,89.44351021990741,HYPE,94.87895716945997,130.2,5.964574402409555
0x47930c76790c865217472f2ddb4d14c640ee450a,9588,108.70735833333333,340,8024,5809.05130919,1564,2384.82636067,8193.87766986,0.8545971704067584,5.918804016891305,1486.9484301299972,65.64386317907444,492.46124933427313,0.0017353592217906153,106.68807075583217,89.86946649305555,xyz:XYZ100,30.433875677930747,0.18968002306140097,4.943691108661005
0x1847dc422b9dea349e8af7d02cb3a136cd81f441,6688,77.58690833333333,126,2748,42274.29723144,3940,78943.33011837999,121217.62734982,18.124645237712322,5.8183165213388355,24399.06446487995,62.792848335388406,2683.203447029155,0.006754853143089073,81.07626500223184,82.49023311342593,TON,16.267942583732058,8.179190751445086,4.685555514479216
0x972d521729c0d07b360ae470f03878fe405f0650,1905,1092.3925333333334,33,646,40964.75695109,1259,46509.52008209,87474.27703318,45.918255660461945,5.74188555816561,17234.00748225,66.1082474226804,1471.602688398249,0.03120288921899239,21.43120277042879,88.88908478009259,TAO,19.26509186351706,5.220689655172414,4.690893044407105
0x539c44a05820f6b9e131f2e4078e22f6e90bf7fc,2229,2356.647841666667,22,1883,68842.30252068,346,1109.58741011,69951.88993079,31.382633436873036,5.59962116144437,5277.04320548004,72.78048780487805,1650.901706015266,0.019009389427926873,26.611679035150935,83.76021659722223,PUMP,49.97756841633019,5.267441860465116,6.135457560615726
0xdd6e2b9d2d1b872286352ef30ace6efd40e1ea86,558,2529.679,57,136,977.01117474,422,5485.77019547,6462.78137021,11.582045466326166,5.552981782853803,216.0135029300002,87.26415094339623,1409.4737563714762,0.008217283517319809,6.22575095815874,89.62774189814814,HYPE,30.28673835125448,35.333333333333336,5.013964887990398
0x997ba795a5d12481eb772297405038535dd98988,262,112.778075,2,116,8294.20490089,146,16211.23303631,24505.4379372,93.53220586717558,5.338471113930798,1171.3802024200002,86.76470588235294,2199.8374928978133,0.042517779685610775,2.981887847003609,87.86380086805555,@107,93.12977099236642,6.0,6.189954047281807
0xbb10b9cae272b96483567686f21aa37b67ee5304,1270,1437.7156,59,699,12585.07325013,571,20915.1579455,33500.23119563,26.378134799708658,5.2777867859813234,3417.5,84.01360544217687,2174.947773634423,0.012128169291913507,14.297321375510542,88.8278277199074,ZEC,32.125984251968504,2.0144927536231885,4.952847706175523
0xf4fa6ea7cb31d95bbe61121ba827602c17e27a7a,595,762.1389416666666,64,333,8396.85497478,262,2460.399682,10857.25465678,18.247486818117647,5.2485119655957515,530.8092899999999,96.49805447470817,1825.3513153236697,0.009996698534102197,7.127763422044875,83.4763957175926,xyz:COPPER,16.470588235294116,0.13427561837455831,4.6229105091594755
0x333ce0361916b87dbc714ce673fa830c9fb8dc71,7787,59.08773333333333,270,3591,11590.376566,4196,15215.122870000001,26805.499436000002,3.442339724669321,5.203711484513306,3520.3832460000003,83.12622629169391,8649.809068552717,0.0003979671340011777,109.82284727364542,70.90510028935185,BTC,89.72646718890458,1.8268424206111444,5.554336818218115
0x80bcb08c54bbd5abb37528425b1f8ad2507c9b62,3061,608.1188666666667,39,1394,58921.992276,1667,102836.467363,161758.459639,52.84497211336165,5.120571593385656,14051.963055,88.96434634974533,4641.176090568115,0.01138611659677257,35.17133313398216,87.03110537037037,xyz:NATGAS,72.52531852335838,0.5705596107055961,5.871814577462582
0x65d4a4b4b501478c3719453d28c9986094c5a444,1411,518.9219916666667,84,793,5703.63027547,618,5968.5610738,11672.19134927,8.272283025705175,5.048778294714081,1884.9966540000003,79.43078913324709,1664.9893373622072,0.004968369970951709,15.748024439131548,89.59854015046297,HYPE,12.331679659815734,3.1027397260273974,5.611192461768938
0xb7d0e665a00ebc680caeba73b70fad758045798f,9500,195.88753333333332,351,5240,14526.921088000001,4260,12616.57038973,27143.49147773,2.857209629234737,4.749836844687829,9100.056190999907,68.72969209345506,4409.776089987559,0.0006479262372804052,106.2694690655183,89.39538405092593,BTC,25.305263157894736,0.7792284866468843,4.444305832875552
0x581bf7dcfd416450f3c26c7854253bd972ba0c2f,4057,93.34773333333334,41,1484,2757.56811367,2573,2491.80996753,5249.3780811999995,1.2939063547448852,4.702449266498212,1174.8393534999989,73.70572207084469,179.3624976716872,0.007213918023785033,45.510276402200944,89.14470138888889,BTC,42.814887848163664,0.6473072861668426,6.693499229899437
0xa7d1f1dd8ce0d8247c43046350d17357a6db2cee,10000,29.124183333333335,112,7663,25946.280479999998,2337,17304.910795,43251.191275,4.3251191275,4.461221101611768,12422.299786999996,95.27514659449707,864.598474986,0.005002459815314888,112.29606966488191,89.05031164351851,HYPE,28.95,5.614035087719298,5.956349402214233
0x52516d3ee158365393598028055769354d45a3dd,1479,370.20093333333335,35,1024,76791.453994,455,8293.89269,85085.346684,57.52897003651116,4.13194223513956,3772.490969999999,84.50292397660819,2187.5398441812035,0.026298478717787316,17.273900159553893,85.62050181712964,ZEC,46.65314401622718,40.8421052631579,5.30087780482285
0x1a6132837f1857196677f06515041bb817affe9e,5931,1744.0529333333334,92,4897,19140.435295,1034,26801.317626,45941.752921,7.746038260158489,4.043344474266821,25522.332383999972,45.770971110337626,1672.4052225864104,0.004631675478852592,70.54284105911468,84.07656837962963,HYPE,13.387287135390322,2.174321503131524,6.719149093585425
0xa37265a1d6f09e2077bea4e952a598cd6e937ef0,710,347.35583333333335,21,472,29778.16952156,238,15502.30119,45280.47071156,63.77531086135212,3.9488035712484533,2420.0,91.00257069408741,14606.023903930518,0.0043663704291343804,10.140160473811772,70.01861576388889,ETH,92.3943661971831,2.0,4.811984046307032
0x05b51f53f09155478af947f0b6bfca30f2fc3aaa,1485,60.575066666666665,25,723,21966.32511794,762,14027.0051328,35993.33025074,24.237932828781144,3.3883692258860636,9177.874321999992,57.7970297029703,6474.580019279302,0.0037435529032938133,18.73715781750562,79.25428255787037,HYPE,45.79124579124579,3.0306748466257667,5.260931253908185
0x3d579384788a4fa74e9af4dbc4fb89fd49f48fc4,3042,902.3912166666667,193,2236,3848.1343569999995,806,9507.15515,13355.289507,4.390298983234714,2.943148932599823,6985.382327000012,71.63969035890219,1650.9461309556214,0.0026592624077282677,33.97855490708785,89.52705635416666,HYPE,38.494411571334645,1.3357348703170029,4.804023195234528
0x9e55b0e43b7f7f3909af841d326b2dadfda9392e,2465,381.10883333333334,24,2056,6071.48473771,409,13649.05845615,19720.54319386,8.00022036262069,1.1804753518809745,31517.1,73.01075268817205,3350.6084991342004,0.0023876917773854966,28.255790704673363,87.23875490740741,xyz:XYZ100,52.73833671399594,0.6055734190782422,6.210271318070371
